{"cameraMode":{"drawMode":0,"name":"Shaded","section":"Shading Mode"},"sceneLighting":true,"audioPlay":false,"sceneViewState":{"showFog":true,"showMaterialUpdate":false,"showSkybox":true,"showFlares":true,"showImageEffects":true,"showParticleSystems":true},"in2DMode":false,"pivot":{"x":-0.029384858906269075,"y":0.11414062976837158,"z":0.09627483785152435},"rotation":{"x":0.026081275194883348,"y":0.7179727554321289,"z":-0.026932111009955407,"w":0.6950729489326477},"size":0.3666999340057373,"orthographic":true}