{"cameraMode":{"drawMode":0,"name":"Shaded","section":"Shading Mode"},"sceneLighting":true,"audioPlay":false,"sceneViewState":{"showFog":true,"showMaterialUpdate":false,"showSkybox":true,"showFlares":true,"showImageEffects":true,"showParticleSystems":true},"in2DMode":false,"pivot":{"x":0.025182262063026429,"y":0.015623480081558228,"z":0.00996503233909607},"rotation":{"x":-0.35810035467147829,"y":0.01876286417245865,"z":-0.007197811733931303,"w":-0.9334670305252075},"size":0.399996817111969,"orthographic":false}