{"cameraMode":{"drawMode":0,"name":"Shaded","section":"Shading Mode"},"sceneLighting":true,"audioPlay":false,"sceneViewState":{"showFog":true,"showMaterialUpdate":false,"showSkybox":true,"showFlares":true,"showImageEffects":true,"showParticleSystems":true},"in2DMode":false,"pivot":{"x":-0.4253578186035156,"y":0.0592041015625,"z":0.02593994140625},"rotation":{"x":0.6100692749023438,"y":-0.020198794081807138,"z":0.015560140833258629,"w":0.791937530040741},"size":0.194120854139328,"orthographic":true}