{"cameraMode":{"drawMode":0,"name":"Shaded","section":"Shading Mode"},"sceneLighting":true,"audioPlay":false,"sceneViewState":{"showFog":true,"showMaterialUpdate":false,"showSkybox":true,"showFlares":true,"showImageEffects":true,"showParticleSystems":true},"in2DMode":false,"pivot":{"x":-0.4147999882698059,"y":0.04820000007748604,"z":-0.013299999758601189},"rotation":{"x":0.271795392036438,"y":-0.030307982116937639,"z":0.00856439396739006,"w":0.9618398547172546},"size":0.08112989366054535,"orthographic":false}